time,open,high,low,close
1967-01-01T22:00:00Z,119.89,119.89,119.89,119.89
1967-02-01T00:00:00Z,119.81,119.81,119.81,119.81
1967-03-01T00:00:00Z,119.79,119.79,119.79,119.79
1967-04-02T23:00:00+01:00,119.72,119.72,119.72,119.72
1967-04-30T22:00:00+01:00,119.64,119.64,119.64,119.64
1967-06-01T00:00:00+01:00,119.63,119.63,119.63,119.63
1967-07-02T22:00:00+01:00,119.7,119.7,119.7,119.7
1967-08-01T00:00:00+01:00,119.75,119.75,119.75,119.75
1967-09-01T00:00:00+01:00,119.74,119.74,119.74,119.74
1967-10-01T22:00:00+01:00,119.73,119.73,119.73,119.73
1967-11-01T00:00:00Z,120.27,120.27,120.27,120.27
1967-12-01T00:00:00Z,121.79,121.79,121.79,121.79
1967-12-31T22:00:00Z,122.07,122.07,122.07,122.07
1968-02-01T00:00:00Z,122.08,122.08,122.08,122.08
1968-03-01T01:00:00+01:00,122,122,122,122
1968-03-31T23:00:00+01:00,122.01,122.01,122.01,122.01
1968-05-01T00:00:00+01:00,122.04,122.04,122.04,122.04
1968-06-02T22:00:00+01:00,122.22,122.22,122.22,122.22
1968-06-30T22:00:00+01:00,122.18,122.18,122.18,122.18
1968-08-01T00:00:00+01:00,122.18,122.18,122.18,122.18
1968-09-01T22:00:00+01:00,121.98,121.98,121.98,121.98
1968-10-01T00:00:00+01:00,122.03,122.03,122.03,122.03
1968-11-01T01:00:00+01:00,121.95,121.95,121.95,121.95
1968-12-01T23:00:00+01:00,121.96,121.96,121.96,121.96
1969-01-01T01:00:00+01:00,122.08,122.08,122.08,122.08
1969-02-02T23:00:00+01:00,122.19,122.19,122.19,122.19
1969-03-02T23:00:00+01:00,122.29,122.29,122.29,122.29
1969-04-01T01:00:00+01:00,122.26,122.26,122.26,122.26
1969-05-01T00:00:00+01:00,122.24,122.24,122.24,122.24
1969-06-01T22:00:00+01:00,122.34,122.34,122.34,122.34
1969-07-01T00:00:00+01:00,122.36,122.36,122.36,122.36
1969-08-01T00:00:00+01:00,123.46,123.46,123.46,123.46
1969-08-31T22:00:00+01:00,123.82,123.82,123.82,123.82
1969-10-01T00:00:00+01:00,122.18,122.18,122.18,122.18
1969-11-02T23:00:00+01:00,121.77,121.77,121.77,121.77
1969-11-30T23:00:00+01:00,121.74,121.74,121.74,121.74
1970-01-01T01:00:00+01:00,121.75,121.75,121.75,121.75
1970-02-01T23:00:00+01:00,121.72,121.72,121.72,121.72
1970-03-01T23:00:00+01:00,121.6,121.6,121.6,121.6
1970-04-01T01:00:00+01:00,121.36,121.36,121.36,121.36
1970-05-01T00:00:00+01:00,121.32,121.32,121.32,121.32
1970-05-31T22:00:00+01:00,120.98,120.98,120.98,120.98
1970-07-01T00:00:00+01:00,120.9,120.9,120.9,120.9
1970-08-02T22:00:00+01:00,120.7,120.7,120.7,120.7
1970-09-01T00:00:00+01:00,120.62,120.62,120.62,120.62
1970-10-01T00:00:00+01:00,120.64,120.64,120.64,120.64
1970-11-01T23:00:00+01:00,120.55,120.55,120.55,120.55
1970-12-01T01:00:00+01:00,120.64,120.64,120.64,120.64
1971-01-01T01:00:00+01:00,120.53,120.55,120.24,120.24
1971-01-31T23:00:00+01:00,120.26,120.29,120.12,120.26
1971-02-28T23:00:00+01:00,120.25,120.25,120.13,120.17
1971-04-01T01:00:00+01:00,120.18,120.31,120.16,120.19
1971-05-02T22:00:00+01:00,120.17,120.17,118.91,119.43
1971-06-01T00:00:00+01:00,119.69,119.69,119.16,119.16
1971-07-01T00:00:00+01:00,119.17,119.21,118.76,118.76
1971-08-01T22:00:00+01:00,118.79,118.81,116.47,116.47
1971-09-01T00:00:00+01:00,116.58,116.58,114.93,114.93
1971-10-01T00:00:00+01:00,114.81,114.88,114.53,114.65
1971-10-31T22:00:00Z,114.63,114.68,113.93,114.01
1971-12-01T00:00:00Z,113.86,113.86,111.16,111.21
1972-01-02T22:00:00Z,111.19,111.27,109.6,109.6
1972-02-01T00:00:00Z,109.43,109.43,108.56,108.68
1972-03-01T00:00:00Z,108.65,109.19,107.76,108.4
1972-04-02T23:00:00+01:00,108.4,108.85,108.27,108.62
1972-04-30T22:00:00+01:00,108.58,108.58,108.17,108.17
1972-06-01T00:00:00+01:00,108.12,108.77,107.97,108.51
1972-07-02T22:00:00+01:00,108.61,108.79,108.46,108.76
1972-08-01T00:00:00+01:00,108.77,109.03,108.76,108.96
1972-09-01T00:00:00+01:00,108.98,109.39,108.91,109.39
1972-10-01T22:00:00+01:00,109.51,109.98,109.22,109.9
1972-11-01T00:00:00Z,109.75,109.93,109.73,109.85
1972-12-01T00:00:00Z,109.87,110.2,109.87,110.14
1972-12-31T22:00:00Z,110.2,110.31,109,109.01
1973-02-01T00:00:00Z,108.79,109.05,100.13,100.13
1973-03-01T00:00:00Z,99.69,101.17,98.72,101.17
1973-04-01T23:00:00+01:00,101.46,101.69,100.97,101.43
1973-05-01T00:00:00+01:00,101.4,101.49,98,98
1973-06-01T00:00:00+01:00,97.56,97.63,93.88,93.88
1973-07-01T22:00:00+01:00,93.42,94.22,90.54,92.91
1973-08-01T00:00:00+01:00,92.87,96.42,92.87,95.77
1973-09-02T22:00:00+01:00,95.78,95.78,94.3,94.79
1973-09-30T22:00:00+01:00,94.74,95.19,93.78,95.06
1973-11-01T00:00:00Z,95.3,100.9,95.3,100.35
1973-12-02T22:00:00Z,100.59,102.4,100.59,102.39
1974-01-01T00:00:00Z,103.66,109.5,103.66,105.9
1974-01-31T23:00:00Z,106.21,106.21,102.19,103.03
1974-02-28T23:00:00Z,103.69,103.74,99.06,99.51
1974-03-31T22:00:00+01:00,99.92,100.9,98.22,98.49
1974-05-01T00:00:00+01:00,98.48,100.1,96.86,99.77
1974-06-02T22:00:00+01:00,99.56,101.16,99.08,100.16
1974-06-30T22:00:00+01:00,100.43,100.68,98.96,100.54
1974-08-01T00:00:00+01:00,100.62,103.18,100.62,103.18
1974-09-01T22:00:00+01:00,103.16,103.44,102.46,102.48
1974-10-01T00:00:00+01:00,102.2,102.35,101.16,101.26
1974-11-01T00:00:00Z,101.08,101.39,99.14,99.57
1974-12-01T22:00:00Z,99.99,99.99,97.29,97.29
1975-01-01T00:00:00Z,97.71,97.71,94.43,95.61
1975-02-02T22:00:00Z,95.88,96.41,92.93,93
1975-03-02T21:00:00Z,92.82,94.87,92.82,94.82
1975-04-01T00:00:00+01:00,94.45,95.9,94.45,95.39
1975-05-01T00:00:00+01:00,95.36,95.44,94.24,94.63
1975-06-01T22:00:00+01:00,94.53,95.86,94.36,95.86
1975-07-01T00:00:00+01:00,96.07,101.25,96.07,101.25
1975-08-01T00:00:00+01:00,101.3,101.98,100.92,101.79
1975-08-31T22:00:00+01:00,101.89,104.81,101.69,104.24
1975-10-01T00:00:00+01:00,103.46,103.95,101.61,101.61
1975-11-02T22:00:00Z,101.59,103.53,101.59,103.53
1975-11-30T22:00:00Z,103.37,103.92,103.17,103.51
1976-01-01T00:00:00Z,103.49,103.88,102.91,103.88
1976-02-01T22:00:00Z,103.52,103.81,102.95,103.66
1976-02-29T22:00:00Z,104.01,106.02,104.01,105.34
1976-04-01T01:00:00+01:00,105.37,106.57,105.37,106.23
1976-05-02T22:00:00+01:00,106.29,107.29,105.61,107.29
1976-06-01T00:00:00+01:00,107.39,107.6,106.64,106.64
1976-07-01T00:00:00+01:00,106.59,107.21,106.53,106.56
1976-08-01T22:00:00+01:00,106.39,106.88,106,106.13
1976-09-01T00:00:00+01:00,105.94,106.01,105.37,105.5
1976-10-01T00:00:00+01:00,105.82,106.31,105.25,105.94
1976-10-31T22:00:00Z,106.1,106.19,105.56,106.19
1976-12-01T00:00:00Z,106.23,106.23,104.52,104.56
1977-01-02T22:00:00Z,104.17,106.01,104.09,105.54
1977-02-01T00:00:00Z,105.7,105.79,105.08,105.26
1977-03-01T00:00:00Z,105.28,105.5,104.88,105.03
1977-04-01T01:00:00+01:00,104.93,105.04,104.39,104.39
1977-05-01T22:00:00+01:00,104.41,104.76,104.22,104.52
1977-06-01T00:00:00+01:00,104.51,104.55,103.82,103.84
1977-07-01T00:00:00+01:00,103.8,103.8,101.78,102.86
1977-07-31T22:00:00+01:00,102.97,103.83,102.66,103.64
1977-09-01T00:00:00+01:00,103.69,103.99,103.21,103.21
1977-10-02T22:00:00+01:00,102.69,102.91,100.96,100.96
1977-11-01T00:00:00Z,100.42,101.46,100,100.37
1977-12-01T00:00:00Z,100.15,100.15,96.44,96.44
1978-01-01T22:00:00Z,95.21,97.87,94.99,96.64
1978-02-01T00:00:00Z,96.81,97.1,94.57,94.6
1978-03-01T00:00:00Z,94.56,96.1,93.84,93.84
1978-04-02T23:00:00+01:00,93.4,96.19,93.4,95.62
1978-04-30T22:00:00+01:00,95.58,97.11,95.39,95.46
1978-06-01T00:00:00+01:00,95.45,95.58,93.53,93.53
1978-07-02T22:00:00+01:00,93.17,93.23,90.94,90.94
1978-08-01T00:00:00+01:00,90.9,91.13,88,90
1978-09-01T00:00:00+01:00,89.73,90.54,88.67,88.83
1978-10-01T22:00:00+01:00,88.88,88.88,82.07,83.07
1978-11-01T00:00:00Z,86.68,90.22,86.68,90.22
1978-12-01T00:00:00Z,90.63,90.63,86.5,86.5
1978-12-31T22:00:00Z,86.52,88.86,86.52,88.86
1979-02-01T00:00:00Z,89.24,89.25,87.35,88.18
1979-03-01T00:00:00Z,88.28,88.59,88.09,88.53
1979-04-01T23:00:00+01:00,88.98,89.98,88.98,89.98
1979-05-01T00:00:00+01:00,90.11,91.02,89.55,90.53
1979-06-01T00:00:00+01:00,90.82,90.82,87.71,87.85
1979-07-01T22:00:00+01:00,87.89,87.89,86.02,87.31
1979-08-01T00:00:00+01:00,86.97,87.46,86.91,87.19
1979-09-02T22:00:00+01:00,87.26,87.47,85.45,85.45
1979-09-30T22:00:00+01:00,85.43,89.12,85.43,88.95
1979-11-01T00:00:00Z,88.79,89.02,86.79,86.79
1979-12-02T22:00:00Z,85.98,87.05,85.51000214,85.81999969
1980-01-01T00:00:00Z,85.31999969,86.13999939,84.79000092,86.13999939
1980-02-01T00:00:00Z,86.12999725,87.65000153,85.62000275,87.65000153
1980-03-02T22:00:00Z,87.84999847,93.58000183,87.84999847,93.58000183
1980-04-01T01:00:00+01:00,94.22000122,94.87999725,88.01000214,88.11000061
1980-05-01T00:00:00+01:00,88.22000122,88.90000153,85.15000153,85.93000031
1980-06-01T22:00:00+01:00,86.08999634,86.08999634,84.75,85.19999695
1980-07-01T00:00:00+01:00,85.09999847,86.08000183,84.12000275,86.08000183
1980-08-01T00:00:00+01:00,86.48999786,86.86000061,85.44999695,85.84999847
1980-08-31T22:00:00+01:00,85.19000244,86.29000092,85.08000183,86.01999664
1980-10-01T00:00:00+01:00,85.75,88.37999725,85.43000031,88.37999725
1980-11-02T22:00:00Z,88.63999939,90.12000275,88.43000031,90.01000214
1980-11-30T22:00:00Z,90.55000305,92.66000366,89.86000061,90.38999939
1981-01-01T00:00:00Z,90.51000214,95.23999786,88.94999695,95.23999786
1981-02-01T22:00:00Z,94.81999969,98.18000031,94.58999634,97.05999756
1981-03-01T22:00:00Z,97.94999695,97.94999695,94.23999786,96.76000214
1981-04-01T01:00:00+01:00,96.27999878,100.44999695,96.27999878,100.44999695
1981-05-01T00:00:00+01:00,100.27999878,105.36000061,100.27999878,104.94999695
1981-05-31T22:00:00+01:00,104.98999786,108.47000122,104.98999786,107.70999908
1981-07-01T00:00:00+01:00,108.51999664,111.72000122,108.51999664,111.72000122
1981-08-02T22:00:00+01:00,114.02999878,114.87999725,110.01000214,110.27999878
1981-09-01T00:00:00+01:00,110.76000214,110.76000214,103.83999634,107.73000336
1981-10-01T00:00:00+01:00,107.56999969,108.65000153,103.86000061,106.12999725
1981-11-01T22:00:00Z,104.98999786,105.34999847,103.18000031,103.18000031
1981-12-01T00:00:00Z,103.65000153,106.45999908,103.37000275,104.69000244
1982-01-01T00:00:00Z,104.62000275,108.77999878,104.62000275,108.02999878
1982-01-31T22:00:00Z,109.31999969,111.93000031,109.13999939,111.93000031
1982-02-28T22:00:00Z,111.95999908,114.73000336,110.27999878,114.73000336
1982-04-01T01:00:00+01:00,114.16000366,115.36000061,111.59999847,111.59999847
1982-05-02T22:00:00+01:00,111.51000214,112.79000092,109.69999695,112.79000092
1982-06-01T00:00:00+01:00,113.70999908,120.47000122,113.25,119.04000092
1982-07-01T00:00:00+01:00,119.33000183,121.05999756,116.12000275,119.05000305
1982-08-01T22:00:00+01:00,117.80000305,121.41000366,116.94999695,120.29000092
1982-09-01T00:00:00+01:00,120.02999878,122.76000214,118.77999878,122.19999695
1982-10-01T00:00:00+01:00,122.13999939,124.77999878,121.23000336,124.77999878
1982-10-31T22:00:00Z,124.36000061,126.01999664,121,121
1982-12-01T00:00:00Z,121.02999878,121.44999695,117.05000305,117.36000061
1983-01-02T22:00:00Z,116.97000122,121.12000275,115.43000031,121.12000275
1983-02-01T00:00:00Z,120.98999786,122.27999878,118.01999664,120.34999847
1983-03-01T00:00:00Z,120.79000092,122.65000153,118.97000122,122.20999908
1983-04-01T01:00:00+01:00,122.26999664,122.43000031,121.13999939,122.38999939
1983-05-01T22:00:00+01:00,122.04000092,123.79000092,120.90000153,123.79000092
1983-06-01T00:00:00+01:00,124.68000031,126.20999908,124.25,124.94000244
1983-07-01T00:00:00+01:00,124.98000336,128.44000244,124.98000336,128.44000244
1983-07-31T22:00:00+01:00,129.67999268,131.94000244,128.08999634,130.83999634
1983-09-01T00:00:00+01:00,130.74000549,130.77000427,128.3500061,128.3500061
1983-10-02T22:00:00+01:00,128.1499939,128.44000244,126.20999908,128.3999939
1983-11-01T00:00:00Z,129.22999573,131.36000061,128.8999939,130.63999939
1983-12-01T00:00:00Z,130.77999878,134.05000305,130.77999878,131.78999329
1984-01-01T22:00:00Z,133.19000244,136.1499939,133.19000244,135.50999451
1984-02-01T00:00:00Z,134.6499939,134.6499939,128.25,128.25
1984-03-01T00:00:00Z,128.67999268,129.97000122,126.18000031,128.22000122
1984-04-01T23:00:00+01:00,128.36000061,132.63999939,128.36000061,132.63999939
1984-05-01T00:00:00+01:00,132.94999695,135.05999756,132.1000061,133.69000244
1984-06-01T00:00:00+01:00,132,136.8999939,131.5,136.25999451
1984-07-01T22:00:00+01:00,136.69999695,141.28999329,136.69999695,141.28999329
1984-08-01T00:00:00+01:00,141.71000671,141.71000671,139.00999451,140.33000183
1984-09-02T22:00:00+01:00,141.91999817,149.30000305,141.91999817,147.55000305
1984-09-30T22:00:00+01:00,147.05000305,150.08999634,145.49000549,146.38999939
1984-11-01T00:00:00Z,144.75999451,149.21000671,142.32000732,149.21000671
1984-12-02T22:00:00Z,149.50999451,151.47000122,147.47000122,151.47000122
1985-01-01T00:00:00Z,152.22999573,153.88999939,151.80000305,152.72000122
1985-02-01T00:00:00Z,153.47000122,164.72000122,153.47000122,160.41000366
1985-03-01T00:00:00Z,161.03999329,163.83000183,149.17999268,149.17999268
1985-03-31T23:00:00+01:00,150.6499939,153.16000366,144.83000183,149.69999695
1985-05-01T00:00:00+01:00,151.57000732,154.52000427,147.05999756,147.86000061
1985-06-02T22:00:00+01:00,146.94000244,149.41000366,145.91999817,146.11999512
1985-06-30T22:00:00+01:00,146.44000244,146.61000061,137.25999451,137.25999451
1985-08-01T00:00:00+01:00,138.41999817,139.8500061,135.55999756,138.19999695
1985-09-01T22:00:00+01:00,139.91000366,144.19000244,131.55000305,132.11999512
1985-10-01T00:00:00+01:00,131.1499939,132.38000488,129.38999939,129.38999939
1985-11-01T00:00:00Z,128.69000244,129.67,124.77,124.99
1985-12-01T22:00:00Z,124.51,127.68,123.45,123.46
1986-01-01T00:00:00Z,123.94,125.21,121.08,121.52
1986-02-02T22:00:00Z,121.78,123.26,114.21,115.08
1986-03-02T22:00:00Z,114.94,119.45,113.66,117.92
1986-04-01T01:00:00+01:00,117.79,121.16,110.76,111.77
1986-05-01T00:00:00+01:00,112.3,117.74,110.5,117.51
1986-06-01T22:00:00+01:00,117.92,118.03,111.61,111.61
1986-07-01T00:00:00+01:00,111.3,112.63,108.03,108.04
1986-08-01T00:00:00+01:00,107.7,108.35,106.31,106.43
1986-08-31T22:00:00+01:00,106.33,108.98,104.92,106.74
1986-10-01T00:00:00+01:00,106.84,109.77,104.99,109.27
1986-11-02T22:00:00Z,109.62,109.7,105.91,105.92
1986-11-30T22:00:00Z,105.46,107.94,103.55,103.61
1987-01-01T00:00:00Z,103.4,104.35,97.1,99.86
1987-02-01T22:00:00Z,99.27,101.21,97.87,99.26
1987-03-01T22:00:00Z,99.18,100.44,96.81,97.11
1987-04-01T01:00:00+01:00,97.76,98.44,95.25,95.94
1987-05-01T00:00:00+01:00,95.85,97.91,94.82,97.77
1987-05-31T22:00:00+01:00,98.32,99.06,96,98.13
1987-07-01T00:00:00+01:00,98.11,100.23,97.97,99.79
1987-08-02T22:00:00+01:00,99.76,101.74,96.95,97.41
1987-09-01T00:00:00+01:00,97.04,98.69,95.97,98.57
1987-10-01T00:00:00+01:00,98.61,98.81,93.26,93.65
1987-11-01T22:00:00Z,93.25,93.36,89.03,89.15
1987-12-01T00:00:00Z,89.99,90.79,85.33,85.42
1988-01-01T00:00:00Z,85.89,90.84,85.87,90.34
1988-01-31T22:00:00Z,90.75,92.04,90.3,90.53
1988-03-01T00:00:00Z,90.54,90.96,88.16,88.3
1988-04-01T01:00:00+01:00,88.37,90.12,87.87,89.16
1988-05-01T22:00:00+01:00,89.32,91.12,88.94,91.09
1988-06-01T00:00:00+01:00,90.89,96.09,90.49,95.41
1988-07-01T00:00:00+01:00,95.89,98.6,95.07,97.53
1988-07-31T22:00:00+01:00,97.43,99.61,96.86,98.41
1988-09-01T00:00:00+01:00,98.53,98.83,96.79,97.69
1988-10-02T22:00:00+01:00,97.63,97.65,92.82,93.76
1988-11-01T00:00:00Z,93.68,93.96,90.05,90.53
1988-12-01T00:00:00Z,90.5,93.66,90.04,92.5
1989-01-01T22:00:00Z,91.92,96.84,91.77,96.77
1989-02-01T00:00:00Z,96.68,97.17,94.39,95.67
1989-03-01T00:00:00Z,95.67,98.53,95.57,98.14
1989-04-02T22:00:00+01:00,97.99,98.04,96.11,97.71
1989-04-30T22:00:00+01:00,98.02,104.28,97.89,102.98
1989-06-01T00:00:00+01:00,103.05,106.56,100.66,102.02
1989-07-02T22:00:00+01:00,101.23,101.24,97.29,97.39
1989-08-01T00:00:00+01:00,97.47,102.46,96.76,102.28
1989-09-01T00:00:00+01:00,102.43,104.19,98.06,98.47
1989-10-01T22:00:00+01:00,98.65,101.31,97.49,98.07
1989-11-01T00:00:00Z,98.17,99.06,96.13,96.27
1989-12-01T00:00:00Z,96.48,96.65,92.6,93.21
1989-12-31T22:00:00Z,93.08,94.54,91.89,92.41
1990-02-01T00:00:00Z,92.39,93.96,91.26,93.96
1990-03-01T00:00:00Z,93.67,94.72,93.23,93.69
1990-04-01T22:00:00+01:00,94.2,94.32,92.71,93.07
1990-05-01T00:00:00+01:00,93.24,93.3,90.66,92.98
1990-06-01T00:00:00+01:00,92.89,93.36,91.13,91.15
1990-07-01T22:00:00+01:00,90.77,90.85,87.14,87.17
1990-08-01T00:00:00+01:00,87.4,89.08,84.9,86.61
1990-09-02T22:00:00+01:00,86.61,87.39,84.74,86
1990-09-30T22:00:00+01:00,85.16,85.52,81.92,83.19
1990-11-01T00:00:00Z,83.51,83.62,81.27,83
1990-12-02T22:00:00Z,83.52,85.39,81.73,83.07
1991-01-01T00:00:00Z,82.93,85.22,81.91,81.93
1991-02-01T00:00:00Z,82.18,84.23,80.34,84.12
1991-03-01T00:00:00Z,84.71,92.46,84.23,92.04
1991-03-31T23:00:00+01:00,91.32,94.46,89.29,91.59
1991-05-01T00:00:00+01:00,91.17,93.58,90.74,93.13
1991-06-02T22:00:00+01:00,93.73,96.75,93.02,96.06
1991-06-30T22:00:00+01:00,96.07,97.32,92.89,93.45
1991-08-01T00:00:00+01:00,93.62,96.56,91.85,93.49
1991-09-01T22:00:00+01:00,93.18,93.31,89.65,89.76
1991-10-01T00:00:00+01:00,90.01,92.03,89.39,89.93
1991-11-01T00:00:00Z,89.72,89.76,86.26,88.19
1991-12-01T22:00:00Z,87.54,87.87,83.21,83.52
1992-01-01T00:00:00Z,83.35,88.68,82.8,87.49
1992-02-02T22:00:00Z,87.14,89.92,85.23,88.99
1992-03-01T22:00:00Z,89.12,91.53,88.7,89.65
1992-04-01T01:00:00+01:00,89.62,90.78,88.43,89.62
1992-05-01T00:00:00+01:00,89.54,89.6,86.58,87.22
1992-05-31T22:00:00+01:00,87.27,87.81,83.24,83.72
1992-07-01T00:00:00+01:00,83.72,83.97,80.58,81.91
1992-08-02T22:00:00+01:00,81.94,82.57,78.67,78.87
1992-09-01T00:00:00+01:00,78.83,85.96,78.19,81.1
1992-10-01T00:00:00+01:00,81.05,88.59,81.05,87.58
1992-11-01T22:00:00Z,87.67,91.55,87.66,90.85
1992-12-01T00:00:00Z,90.89,92.52,88.64,92.36
1993-01-01T00:00:00Z,92.39,93.75,90.09,92.45
1993-01-31T22:00:00Z,92.47,94.86,92.42,94.05
1993-02-28T22:00:00Z,94.05,94.8,91.79,91.9
1993-04-01T01:00:00+01:00,91.96,92.31,88.37,89.52
1993-05-02T22:00:00+01:00,89.55,91.38,88.53,89.02
1993-06-01T00:00:00+01:00,89.1,94.32,88.85,93.63
1993-07-01T00:00:00+01:00,93.65,95.62,91.9,95.37
1993-08-01T22:00:00+01:00,95.48,95.8,93.12,93.95
1993-09-01T00:00:00+01:00,93.96,94.15,90.29,92.81
1993-10-01T00:00:00+01:00,92.8,95.34,91.21,95.08
1993-10-31T22:00:00Z,95.19,96.37,94.41,96.21
1993-12-01T00:00:00Z,96.21,96.85,94.67,96.84
1994-01-02T22:00:00Z,96.76,97.09,95.15,95.59
1994-02-01T00:00:00Z,95.46,97.1,94.34,94.55
1994-03-01T00:00:00Z,94.61,95.42,92.86,93.06
1994-04-01T01:00:00+01:00,93.38,95.33,91.71,92.12
1994-05-01T22:00:00+01:00,92.57,94.11,91.53,92.52
1994-06-01T00:00:00+01:00,92.47,93.58,89.09,89.62
1994-07-01T00:00:00+01:00,89.55,90.56,87.01,89.87
1994-07-31T22:00:00+01:00,89.39,90.31,87.44,89.67
1994-09-01T00:00:00+01:00,89.71,89.72,87.14,87.88
1994-10-02T22:00:00+01:00,87.72,88.37,84.91,85.69
1994-11-01T00:00:00Z,85.43,89.27,85.2,89.13
1994-12-01T00:00:00Z,89.03,90.18,88.46,88.72
1995-01-01T22:00:00Z,89.09,89.63,86.95,87.99
1995-02-01T00:00:00Z,88.04,88.49,85.75,85.93
1995-03-01T00:00:00Z,86.07,86.08,81.47,81.9
1995-04-02T22:00:00+01:00,81.97,83.03,80.22,81.8
1995-04-30T22:00:00+01:00,81.78,84.84,80.55,82.57
1995-06-01T00:00:00+01:00,83.45,83.45,81.35,81.58
1995-07-02T22:00:00+01:00,81.52,82.54,81.22,81.57
1995-08-01T00:00:00+01:00,81.65,86.6,81.03,85.57
1995-09-01T00:00:00+01:00,85.7,87.37,83.5,84.29
1995-10-01T22:00:00+01:00,84.36,84.84,82.99,83.66
1995-11-01T00:00:00Z,83.84,85.38,83.34,85.26
1995-12-01T00:00:00Z,85.32,85.59,84.41,84.76
1995-12-31T22:00:00Z,84.56,87.72,84.48,87.38
1996-02-01T00:00:00Z,87.32,87.56,85.26,86.29
1996-03-01T00:00:00Z,86.6,87.12,86.08,86.52
1996-03-31T23:00:00+01:00,86.64,88.29,86.27,88.02
1996-05-01T00:00:00+01:00,88.35,89.04,87.38,87.78
1996-06-02T22:00:00+01:00,87.87,88.56,87.35,87.82
1996-06-30T22:00:00+01:00,87.8,88.29,85.69,85.9
1996-08-01T00:00:00+01:00,86.03,86.95,85.81,86.36
1996-09-01T22:00:00+01:00,86.49,88.1,86.32,87.94
1996-10-01T00:00:00+01:00,87.93,88.53,86.93,87.43
1996-11-01T00:00:00Z,87.31,87.96,86.06,87.92
1996-12-01T22:00:00Z,88.02,89.14,87.77,88.12
1997-01-01T00:00:00Z,88.44,93.47,88.24,93.04
1997-02-02T22:00:00Z,93.33,95.74,93.04,94.89
1997-03-02T22:00:00Z,95.14,96.32,94.18,94.72
1997-04-01T01:00:00+01:00,94.6,97.38,94.02,97.23
1997-05-01T00:00:00+01:00,96.97,97.28,93.2,94.85
1997-06-01T22:00:00+01:00,95.63,96.22,94.5,95.67
1997-07-01T00:00:00+01:00,95.76,100,95.21,99.64
1997-08-01T00:00:00+01:00,99.96,101.7,97.96,99
1997-08-31T22:00:00+01:00,99.33,100.09,96.92,97.11
1997-10-01T00:00:00+01:00,97.4,98.15,94.83,95.64
1997-11-02T22:00:00Z,95.97,97.99,94.82,97.79
1997-11-30T22:00:00Z,98.29,99.73,97.81,99.65
1998-01-01T00:00:00Z,99.98,101.53,98.26,100.79
1998-02-01T22:00:00Z,100.78,101.04,98.51,99.82
1998-03-01T22:00:00Z,99.4,101.69,99.3,101.5
1998-04-01T01:00:00+01:00,101.61,102.11,99.11,99.71
1998-05-01T00:00:00+01:00,99.74,100.66,98.61,100.45
1998-05-31T22:00:00+01:00,100.43,102.44,99.43,101.17
1998-07-01T00:00:00+01:00,101.15,102.61,100.24,101.2
1998-08-02T22:00:00+01:00,101.63,102.71,100.11,100.2
1998-09-01T00:00:00+01:00,99.99,100.13,95.41,96.17
1998-10-01T00:00:00+01:00,95.29,95.58,91.38,93.73
1998-11-01T22:00:00Z,93.49,96.92,93.31,96.2
1998-12-01T00:00:00Z,95.6,95.78,93.29,94.17
1999-01-01T00:00:00Z,93.8,96.24,93.05,96.1
1999-01-31T22:00:00Z,95.9,99.48,95.38,98.71
1999-02-28T22:00:00Z,98.89,100.79,98.16,100.02
1999-04-01T01:00:00+01:00,100.02,101.36,99.43,101
1999-05-02T22:00:00+01:00,100.96,102.64,99.35,102.45
1999-06-01T00:00:00+01:00,102.34,103.35,100.87,102.91
1999-07-01T00:00:00+01:00,102.71,104.88,99.62,99.68
1999-08-01T22:00:00+01:00,99.97,101.46,98.88,100.03
1999-09-01T00:00:00+01:00,100.04,101.27,98.26,98.5
1999-10-01T00:00:00+01:00,98.52,99.92,96.94,99.07
1999-10-31T22:00:00Z,98.98,102.34,98.72,101.96
1999-12-01T00:00:00Z,101.98,102.76,100.49,101.87
2000-01-02T22:00:00Z,101.67,105.28,99.71,105.07
2000-02-01T00:00:00Z,104.98,107.37,102.92,105.96
2000-03-01T00:00:00Z,106.22,106.61,104.48,105.46
2000-04-02T22:00:00+01:00,105.61,110.32,104.23,110.13
2000-04-30T22:00:00+01:00,109.9,112.86,108.18,108.64
2000-06-01T00:00:00+01:00,108.65,109.42,105.56,106.8
2000-07-02T22:00:00+01:00,106.82,109.92,106.7,109.58
2000-08-01T00:00:00+01:00,109.5,112.93,109.35,112.59
2000-09-01T00:00:00+01:00,112.36,116.75,111.25,113.25
2000-10-01T22:00:00+01:00,113.14,119.07,112.95,116.62
2000-11-01T00:00:00Z,116.6,118.69,113.92,115.22
2000-12-01T00:00:00Z,115.21,115.44,109.31,109.32
2000-12-31T22:00:00Z,109.33,112.65,108.09,110.47
2001-02-01T00:00:00Z,110.3,113.62,109.4,111.93
2001-03-01T00:00:00Z,112.04,117.63,110.82,117.48
2001-04-01T22:00:00+01:00,117.7,117.82,113.86,115.88
2001-05-01T00:00:00+01:00,115.71,119.29,114.27,119.09
2001-06-01T00:00:00+01:00,119.11,120.33,117.43,119.45
2001-07-01T22:00:00+01:00,119.39,121.02,116.34,117.11
2001-08-01T00:00:00+01:00,117.07,117.16,112.32,113.26
2001-09-02T22:00:00+01:00,113.56,116.08,111.31,113.53
2001-09-30T22:00:00+01:00,113.69,116.27,112.27,114.83
2001-11-01T00:00:00Z,114.71,117.8,113.66,115.56
2001-12-02T22:00:00Z,115.61,118.12,114.41,116.67
2002-01-01T00:00:00Z,116.4,120.51,115.54,120.28
2002-02-01T00:00:00Z,120.21,120.4,118.09,119.17
2002-03-01T00:00:00Z,119.29,119.61,116.76,118.64
2002-03-31T23:00:00+01:00,118.56,118.75,114.72,115.23
2002-05-01T00:00:00+01:00,115.18,115.34,110.88,111.87
2002-06-02T22:00:00+01:00,111.93,112.04,105.37,106.15
2002-06-30T22:00:00+01:00,105.76,107.75,103.54,107.44
2002-08-01T00:00:00+01:00,107.61,109,106.18,106.9
2002-09-01T22:00:00+01:00,106.43,109.77,105.41,106.92
2002-10-01T00:00:00+01:00,106.74,108.74,106.48,106.52
2002-11-01T00:00:00Z,106.55,106.97,104.12,106.37
2002-12-01T22:00:00Z,106.57,107.31,101.8,101.81
2003-01-01T00:00:00Z,101.86,103.2,98.76,99.91
2003-02-02T22:00:00Z,100.26,100.89,98.65,99.71
2003-03-02T22:00:00Z,99.74,102.15,97.57,99.06
2003-04-01T01:00:00+01:00,98.86,101.81,97.1,97.19
2003-05-01T00:00:00+01:00,97.18,97.25,92.21,93.27
2003-06-01T22:00:00+01:00,93.73,95.34,91.88,94.73
2003-07-01T00:00:00+01:00,94.54,97.45,93.96,96.89
2003-08-01T00:00:00+01:00,96.87,99.49,95.56,98.1
2003-08-31T22:00:00+01:00,98.12,99.37,92.1,92.85
2003-10-01T00:00:00+01:00,92.73,93.42,91.01,92.73
2003-11-02T22:00:00Z,92.64,94.13,90.04,90.23
2003-11-30T22:00:00Z,90.16,90.54,86.36,86.92
2004-01-01T00:00:00Z,86.77,88.01,84.8,87.2
2004-02-01T22:00:00Z,87.14,88.02,84.56,87.31
2004-02-29T22:00:00Z,87.1,89.84,87.03,87.61
2004-04-01T01:00:00+01:00,87.57,91.56,87.02,90.48
2004-05-02T22:00:00+01:00,90.63,92.29,88.47,88.95
2004-06-01T00:00:00+01:00,88.64,90.42,88.04,88.8
2004-07-01T00:00:00+01:00,88.84,90.29,87,89.96
2004-08-01T22:00:00+01:00,89.71,90.19,87.66,88.94
2004-09-01T00:00:00+01:00,88.91,89.75,87.35,87.36
2004-10-01T00:00:00+01:00,87.41,88.64,84.73,84.91
2004-10-31T22:00:00Z,84.7,85.66,81.53,81.82
2004-12-01T00:00:00Z,81.81,83.18,80.39,80.85
2005-01-02T22:00:00Z,81.05,84.08,80.77,83.6
2005-02-01T00:00:00Z,83.49,85.44,82.3,82.51
2005-03-01T00:00:00Z,82.65,84.74,81.28,84.06
2005-04-01T01:00:00+01:00,84.07,85.32,83.36,84.43
2005-05-01T22:00:00+01:00,84.46,87.82,83.75,87.76
2005-06-01T00:00:00+01:00,87.74,89.48,87.15,89.11
2005-07-01T00:00:00+01:00,89.17,90.77,88.28,89.35
2005-07-31T22:00:00+01:00,89.41,89.44,86.76,87.58
2005-09-01T00:00:00+01:00,87.59,89.82,86.02,89.52
2005-10-02T22:00:00+01:00,89.51,90.74,88.53,90.07
2005-11-01T00:00:00Z,90.12,92.63,89.62,91.57
2005-12-01T00:00:00Z,91.54,92.32,89.52,91.17
2006-01-01T22:00:00Z,90.75,90.94,87.83,88.96
2006-02-01T00:00:00Z,88.96,91.02,88.84,90.11
2006-03-01T00:00:00Z,90.08,91.16,88.85,89.73
2006-04-02T22:00:00+01:00,89.74,90.4,85.95,86.11
2006-04-30T22:00:00+01:00,85.93,86.36,83.6,84.72
2006-06-01T00:00:00+01:00,84.68,87.05,83.72,85.22
2006-07-02T22:00:00+01:00,85.15,87.33,84.77,85.3
2006-08-01T00:00:00+01:00,85.28,85.75,84.39,85.05
2006-09-01T00:00:00+01:00,85.09,86.22,84.67,85.97
2006-10-01T22:00:00+01:00,86.01,87.3,85.21,85.32
2006-11-01T00:00:00Z,85.29,85.93,82.79,82.92
2006-12-01T00:00:00Z,82.96,84.22,82.24,83.65
2006-12-31T22:00:00Z,83.65,85.43,83.15,84.59
2007-02-01T00:00:00Z,84.65,85.21,83.36,83.56
2007-03-01T00:00:00Z,83.62,84.38,82.64,82.92
2007-04-01T22:00:00+01:00,82.82,83.21,81.269,81.446
2007-05-01T00:00:00+01:00,81.425,82.603,81.251,82.285
2007-06-01T00:00:00+01:00,82.31,83.272,81.704,81.947
2007-07-01T22:00:00+01:00,81.869,81.962,80.016,80.814
2007-08-01T00:00:00+01:00,80.899,82.132,79.957,80.829
2007-09-02T22:00:00+01:00,80.81,81.136,77.666,77.744
2007-09-30T22:00:00+01:00,77.788,78.891,76.465,76.525
2007-10-31T23:00:00Z,76.609,76.868,74.753,76.155
2007-12-02T22:00:00Z,75.931,77.854,75.595,76.674
2008-01-01T00:00:00Z,76.692,77.347,74.972,75.226
2008-02-01T00:00:00Z,75.234,77.043,73.56,73.749
2008-03-02T22:00:00Z,73.638,73.947,70.698,71.741
2008-04-01T00:00:00+01:00,71.874,73.112,71.191,72.566
2008-05-01T00:00:00+01:00,72.54,73.836,71.823,72.871
2008-06-01T22:00:00+01:00,72.975,74.314,72.041,72.541
2008-07-01T00:00:00+01:00,72.47,73.538,71.314,73.213
2008-08-01T00:00:00+01:00,73.295,77.619,73.196,77.381
2008-08-31T22:00:00+01:00,77.494,80.375,75.89,79.448
2008-10-01T00:00:00+01:00,79.179,87.884,78.946,85.633
2008-11-02T22:00:00Z,85.221,88.463,83.902,86.517
2008-11-30T22:00:00Z,86.59,87.701,77.688,81.152
2009-01-01T00:00:00Z,81.182,86.813,80.854,85.999
2009-02-01T22:00:00Z,86.125,88.49,84.465,88.166
2009-03-01T22:00:00Z,88.579,89.624,82.631,85.537
2009-04-01T00:00:00+01:00,85.612,86.871,83.731,84.796
2009-05-01T00:00:00+01:00,84.817,84.87,79.183,79.348
2009-05-31T22:00:00+01:00,79.105,81.466,78.334,80.149
2009-07-01T00:00:00+01:00,80.162,80.892,78.22,78.347
2009-08-02T22:00:00+01:00,78.337,79.514,77.428,78.148
2009-09-01T00:00:00+01:00,78.132,78.943,75.827,76.703
2009-10-01T00:00:00+01:00,76.684,77.475,74.94,76.3
2009-11-01T22:00:00Z,76.374,76.817,74.17,74.803
2009-12-01T00:00:00Z,74.71,78.449,74.266,77.86
2010-01-01T00:00:00Z,77.866,79.496,76.601,79.477
2010-01-31T22:00:00Z,79.448,81.342,78.68,80.362
2010-02-28T22:00:00Z,80.421,82.24,79.507,81.095
2010-04-01T00:00:00+01:00,81.044,82.714,80.031,81.866
2010-05-02T22:00:00+01:00,81.813,87.458,81.813,86.53
2010-06-01T00:00:00+01:00,86.587,88.708,85.091,86.036
2010-07-01T00:00:00+01:00,86.101,86.256,81.459,81.539
2010-08-01T22:00:00+01:00,81.532,83.559,80.085,83.099
2010-09-01T00:00:00+01:00,83.094,83.224,78.414,78.807
2010-10-01T00:00:00+01:00,78.799,78.799,76.144,77.266
2010-10-31T21:00:00Z,76.909,81.444,75.631,81.263
2010-12-01T00:00:00Z,81.268,81.36,78.775,79.028
2011-01-02T22:00:00Z,79.078,81.313,77.537,77.744
2011-02-01T00:00:00Z,77.608,78.873,76.756,76.856
2011-03-01T00:00:00Z,76.838,77.38,75.249,76.004
2011-04-01T00:00:00+01:00,76.045,76.61,72.834,72.933
2011-05-01T22:00:00+01:00,72.98,76.366,72.696,74.508
2011-06-01T00:00:00+01:00,74.461,76.015,73.506,74.379
2011-07-01T00:00:00+01:00,74.447,76.719,73.421,73.897
2011-07-31T22:00:00+01:00,73.932,75.417,73.452,74.14
2011-09-01T00:00:00+01:00,74.16,78.863,74.149,78.553
2011-10-02T22:00:00+01:00,78.796,79.838,74.724,76.49
2011-10-31T23:00:00Z,76.521,79.702,76.456,78.388
2011-12-01T00:00:00Z,78.356,80.854,77.968,80.178
2012-01-01T22:00:00Z,80.21,81.784,78.741,79.283
2012-02-01T00:00:00Z,79.296,80.119,78.095,78.818
2012-03-01T00:00:00Z,78.773,80.738,78.63,79.004
2012-04-01T22:00:00+01:00,78.951,80.177,78.638,78.765
2012-05-01T00:00:00+01:00,78.786,83.215,78.603,83.059
2012-06-01T00:00:00+01:00,83.083,83.542,81.186,81.627
2012-07-01T22:00:00+01:00,81.55,84.1,81.534,82.694
2012-08-01T00:00:00+01:00,82.705,83.508,80.964,81.208
2012-09-02T22:00:00+01:00,81.244,81.667,78.601,79.935
2012-09-30T22:00:00+01:00,79.884,80.325,78.935,79.963
2012-10-31T23:00:00Z,79.944,81.455,79.859,80.153
2012-12-02T22:00:00Z,80.226,80.658,79.008,79.764
2013-01-01T00:00:00Z,79.676,80.868,79.133,79.206
2013-02-01T00:00:00Z,79.122,81.998,78.918,81.939
2013-03-01T00:00:00Z,81.923,83.302,81.78,82.976
2013-03-31T22:00:00+01:00,82.993,83.494,81.598,81.724
2013-05-01T00:00:00+01:00,81.719,84.498,81.331,83.375
2013-06-02T22:00:00+01:00,83.264,83.376,80.498,83.136
2013-06-30T22:00:00+01:00,83.176,84.753,81.407,81.669
2013-08-01T00:00:00+01:00,81.665,82.494,80.754,82.029
2013-09-01T22:00:00+01:00,82.032,82.671,80.03,80.224
2013-10-01T00:00:00+01:00,80.265,80.754,78.998,80.242
2013-10-31T23:00:00Z,80.234,81.482,80.234,80.645
2013-12-01T22:00:00Z,80.643,80.993,79.686,80.206
2014-01-01T00:00:00Z,80.178,81.388,80.083,81.252
2014-02-02T22:00:00Z,81.249,81.323,79.688,79.776
2014-03-02T22:00:00Z,79.889,80.354,79.268,80.108
2014-04-01T00:00:00+01:00,80.113,80.599,79.33,79.511
2014-05-01T00:00:00+01:00,79.512,80.581,78.906,80.391
2014-06-01T22:00:00+01:00,80.4,81.02,79.759,79.78
2014-07-01T00:00:00+01:00,79.791,81.573,79.74,81.46
2014-08-01T00:00:00+01:00,81.445,82.748,81.188,82.736
2014-08-31T22:00:00+01:00,82.731,86.218,82.673,85.623
2014-10-01T00:00:00+01:00,85.914,87.133,84.472,86.915
2014-11-02T22:00:00Z,87.25,88.44,86.879,88.219
2014-11-30T22:00:00Z,88.233,90.325,87.627,90.276
2015-01-01T00:00:00Z,90.273,95.481,90.241,94.846
2015-02-01T22:00:00Z,94.843,95.364,93.25,95.253
2015-03-01T22:00:00Z,95.258,100.39,95.063,98.379
2015-04-01T00:00:00+01:00,98.423,99.99,94.399,94.811
2015-05-01T00:00:00+01:00,94.825,97.775,93.133,96.887
2015-05-31T22:00:00+01:00,96.893,97.68,93.563,95.529
2015-07-01T00:00:00+01:00,95.602,98.151,95.454,97.192
2015-08-02T22:00:00+01:00,97.224,98.334,92.621,95.926
2015-09-01T00:00:00+01:00,95.93,96.7,94.063,96.282
2015-10-01T00:00:00+01:00,96.268,97.818,93.806,96.915
2015-11-01T22:00:00Z,96.915,100.31,96.635,100.2
2015-12-01T00:00:00Z,100.25,100.51,97.19,98.693
2016-01-01T00:00:00Z,98.693,99.829,98.049,99.531
2016-01-31T22:00:00Z,99.544,99.633,95.236,98.15
2016-03-01T00:00:00Z,98.187,98.582,94.319,94.628
2016-04-01T00:00:00+01:00,94.644,95.2,93.007,93.082
2016-05-01T22:00:00+01:00,93.016,95.968,91.919,95.798
2016-06-01T00:00:00+01:00,95.82,96.705,93.019,95.963
2016-07-01T00:00:00+01:00,95.891,97.569,95.336,95.517
2016-07-31T22:00:00+01:00,95.514,96.524,94.077,95.992
2016-09-01T00:00:00+01:00,95.988,96.333,94.465,95.422
2016-10-02T22:00:00+01:00,95.418,99.119,95.418,98.356
2016-10-31T23:00:00Z,98.394,102.05,95.885,101.53
2016-12-01T00:00:00Z,101.51,103.65,99.43,102.21
2017-01-01T22:00:00Z,102.14,103.82,99.43,99.55
2017-02-01T00:00:00Z,99.558,101.76,99.233,101.36
2017-03-01T00:00:00Z,101.44,102.26,98.858,100.56
2017-04-02T22:00:00+01:00,100.5,101.34,98.695,99.041
2017-04-30T22:00:00+01:00,98.923,99.888,96.797,96.983
2017-06-01T00:00:00+01:00,96.984,97.871,95.47,95.628
2017-07-02T22:00:00+01:00,95.624,96.512,92.784,92.847
2017-08-01T00:00:00+01:00,92.892,94.145,91.621,92.567
2017-09-01T00:00:00+01:00,92.609,93.666,91.011,93.071
2017-10-01T22:00:00+01:00,93.291,95.15,92.749,94.542
2017-10-31T23:00:00Z,94.553,95.149,92.496,93.068
2017-12-01T00:00:00Z,93.026,94.219,92.08,92.297
2017-12-31T22:00:00Z,92.28,92.64,88.438,89.107
2018-02-01T00:00:00Z,89.036,90.698,88.253,90.655
2018-03-01T00:00:00Z,90.667,90.932,88.942,89.974
2018-04-01T22:00:00+01:00,89.974,91.986,89.229,91.817
2018-05-01T00:00:00+01:00,91.809,95.025,91.799,93.977
2018-06-01T00:00:00+01:00,93.95,95.531,93.193,94.47
2018-07-01T22:00:00+01:00,94.626,95.652,93.713,94.551
2018-08-01T00:00:00+01:00,94.556,96.984,94.434,95.099
2018-09-02T22:00:00+01:00,95.187,95.737,93.814,95.134
2018-09-30T22:00:00+01:00,95.108,97.2,94.787,97.105
2018-10-31T23:00:00Z,97.082,97.693,95.678,97.197
2018-12-02T22:00:00Z,97.133,97.711,95.995,96.024
2019-01-01T00:00:00Z,96.152,96.958,95.029,95.557
2019-02-01T00:00:00Z,95.554,97.368,95.4,96.221
2019-03-01T00:00:00Z,96.222,97.71,95.74,97.211
2019-03-31T22:00:00+01:00,97.178,98.33,96.745,97.52
2019-05-01T00:00:00+01:00,97.528,98.371,97.028,97.609
2019-06-02T22:00:00+01:00,97.636,97.802,95.843,96.13
2019-06-30T22:00:00+01:00,96.254,98.683,96.251,98.568
2019-08-01T00:00:00+01:00,98.594,99.023,97.169,98.807
2019-09-01T22:00:00+01:00,98.828,99.459,97.858,99.394
2019-10-01T00:00:00+01:00,99.399,99.667,97.141,97.331
2019-10-31T23:00:00Z,97.298,98.544,97.107,98.271
2019-12-01T22:00:00Z,98.271,98.376,96.355,96.529
2020-01-01T00:00:00Z,96.5,98.188,96.418,97.362
2020-02-02T22:00:00Z,97.367,99.91,97.367,98.127
2020-03-01T22:00:00Z,98.122,102.992,94.65,98.947
2020-04-01T00:00:00+01:00,99.01,100.931,98.805,99.039
2020-05-01T00:00:00+01:00,99.126,100.556,97.945,98.295
2020-05-31T22:00:00+01:00,98.297,98.322,95.716,97.384
2020-07-01T00:00:00+01:00,97.391,97.622,92.546,93.455
2020-08-02T22:00:00+01:00,93.455,93.991,91.993,92.157
2020-09-01T00:00:00+01:00,92.184,94.742,91.746,93.804
2020-10-01T00:00:00+01:00,93.797,94.102,92.474,94.038
2020-11-01T22:00:00Z,93.887,94.302,91.506,91.869
2020-12-01T00:00:00Z,91.945,91.945,89.516,89.937
2021-01-01T00:00:00Z,89.931,90.951,89.209,90.584
2021-01-31T22:00:00Z,90.533,91.602,89.683,90.879
2021-02-28T22:00:00Z,90.929,93.437,90.632,93.232
2021-04-01T00:00:00+01:00,93.216,93.336,90.424,91.297
2021-05-02T22:00:00+01:00,91.297,91.436,89.535,89.833
2021-06-01T00:00:00+01:00,89.813,92.448,89.663,92.357
2021-07-01T00:00:00+01:00,92.349,93.191,91.782,92.09
2021-08-01T22:00:00+01:00,92.09,93.729,91.817,92.641
2021-09-01T00:00:00+01:00,92.663,94.503,91.947,94.24
2021-10-01T00:00:00+01:00,94.305,94.561,93.278,94.134
2021-10-31T21:00:00Z,94.134,96.938,93.818,95.891
2021-12-01T00:00:00Z,95.936,96.906,95.57,95.67
2022-01-02T22:00:00Z,95.67,97.441,94.629,96.648
2022-02-01T00:00:00Z,96.702,97.735,95.137,96.747
2022-03-01T00:00:00Z,96.765,99.418,96.626,98.348
2022-04-01T00:00:00+01:00,98.335,103.928,98.309,103.212
2022-05-01T22:00:00+01:00,103.212,105.005,101.297,101.782
2022-06-01T00:00:00+01:00,101.761,105.788,101.644,104.738
2022-07-01T00:00:00+01:00,104.775,109.294,104.742,105.828
2022-07-31T22:00:00+01:00,105.828,109.478,104.636,108.685
2022-09-01T00:00:00+01:00,108.836,114.778,107.68,112.173
2022-10-02T22:00:00+01:00,112.173,113.942,109.535,111.578
2022-10-31T23:00:00Z,111.517,113.148,105.321,105.873
2022-12-01T00:00:00Z,105.697,105.896,103.391,103.494
2023-01-01T22:00:00Z,103.494,105.631,103.469,103.911